date_time,scheduled_time,measurement_duration,module_name,mounted_on,v,i,axis_azimuth,axis_tilt,temperature_air,relative_humidity,dew_point,relative_pressure,wind_speed,wind_speed_std,wind_direction,wind_direction_std,irradiance
2026-05-11T15:31:30.056945+02:00,2026-05-11T15:31:30+02:00,1.092,My_solar_panel_1,Fixed-rack,"[-0.000290815,-0.000242001,-0.00030113,-0.000279129,-0.000239253,-0.000327939,-0.000268815,-0.000260565,-0.00033344,-0.000246126,-0.000267439,-0.000327251,-0.000246126,-0.000292876,-0.000304566,-0.000236504,-0.000307315,-0.00029494,-0.000244754,-0.000322442,-0.00026263,-0.000239253,-0.000327251,-0.000264002,-0.000257129,-0.000321066,-0.000246814,-0.000287379,-0.00031144,-0.000253004,-0.000303878,-0.000299753,-0.000239941,-0.000310751,-0.000280501,-0.000243378,-0.000328627,-0.000253692,-0.00025644,-0.00033138,-0.000250939,-0.000274316,-0.000323126,-0.000224814,-0.000305254,-0.000308691,-0.00023444,-0.000316253,-0.000289439,-0.000247503,-0.000318317,-0.000257817,-0.000240629,-0.000325879,-0.000253692,-0.00026469,-0.000326567,-0.000248879,-0.000291504,-0.000327939,-0.00024269,-0.000292192,-0.000291504,-0.000242001,-0.000312816,-0.000275004,-0.000244754,-0.000312128,-0.000251627,-0.000250939,-0.000324502,-0.000247503,-0.000275004,-0.000330692,-0.000250939,-0.000286002,-0.000304566,-0.000237188,-0.000314192,-0.000278441,-0.000235816,-0.000310751,-0.000270879,-0.000238565,-0.000316253,-0.000261942,-0.000268815,-0.000321754,-0.000255752,-0.000292192,-0.000302502,-0.000242001,-0.000285314,-0.000288751,-0.000236504,-0.000324502,-0.000269503,-0.000255752,-0.000318317,-0.000270191]","[8.05454e-07,8.06552e-07,7.78763e-07,7.72112e-07,7.91458e-07,7.94537e-07,8.21624e-07,8.09695e-07,8.08927e-07,7.83729e-07,8.0688e-07,7.91729e-07,8.06197e-07,8.03346e-07,7.98771e-07,8.22706e-07,7.98769e-07,8.12473e-07,7.71442e-07,7.6786e-07,7.99161e-07,7.98129e-07,8.1806e-07,7.98808e-07,8.07943e-07,8.1947e-07,7.95313e-07,7.94574e-07,7.88935e-07,7.65115e-07,8.07197e-07,7.94563e-07,7.96372e-07,8.01574e-07,7.90718e-07,7.71443e-07,7.88919e-07,8.09701e-07,8.10752e-07,8.08226e-07,7.86884e-07,7.9915e-07,7.80849e-07,8.06216e-07,7.85781e-07,7.93502e-07,7.84792e-07,8.13155e-07,8.02296e-07,8.16026e-07,7.78045e-07,8.02676e-07,7.99181e-07,8.27891e-07,7.96711e-07,7.99509e-07,8.13847e-07,8.10407e-07,8.07209e-07,7.82951e-07,8.03392e-07,8.03698e-07,8.01591e-07,7.80573e-07,7.90338e-07,8.16001e-07,7.78464e-07,8.12106e-07,7.87936e-07,7.8583e-07,7.90678e-07,8.03739e-07,8.14597e-07,8.19812e-07,7.96714e-07,7.95629e-07,7.97367e-07,7.97779e-07,8.07891e-07,8.01955e-07,7.98482e-07,8.09298e-07,7.91078e-07,7.92863e-07,8.17016e-07,7.84416e-07,8.06176e-07,8.45448e-07,8.05838e-07,7.75963e-07,8.06497e-07,7.9602e-07,8.20555e-07,7.97733e-07,7.66534e-07,7.96647e-07,7.91431e-07,8.28306e-07,7.86121e-07,7.91079e-07]",180,30,23,67,24,1,1.5,0.5,10,1.5,17
2026-05-11T15:32:00.057604+02:00,2026-05-11T15:32:00+02:00,1.092,My_solar_panel_1,Fixed-rack,"[-0.000266755,-0.000248191,-0.000326567,-0.000243378,-0.000286691,-0.000306627,-0.000235128,-0.000308003,-0.000281189,-0.000233064,-0.000312816,-0.000270879,-0.000249567,-0.000327939,-0.000257129,-0.000251627,-0.00033344,-0.000246814,-0.000275004,-0.000321754,-0.00024269,-0.000285314,-0.00030319,-0.000244066,-0.000305254,-0.000279817,-0.000240629,-0.000325879,-0.000255752,-0.000242001,-0.000327939,-0.000248191,-0.000253692,-0.000319689,-0.000235816,-0.000283254,-0.000303878,-0.00023238,-0.000291504,-0.000288751,-0.000230315,-0.000309379,-0.000278441,-0.000237877,-0.000322442,-0.000248191,-0.000260565,-0.000322442,-0.000244066,-0.000272252,-0.000317629,-0.000235816,-0.000291504,-0.000296317,-0.000246126,-0.000319689,-0.000283254,-0.000231003,-0.000316941,-0.00025644,-0.000238565,-0.000330003,-0.000259877,-0.000274316,-0.000337565,-0.000250251,-0.000281878,-0.000308691,-0.000236504,-0.000310063,-0.000291504,-0.000231691,-0.000316941,-0.000273628,-0.000250251,-0.000324502,-0.000235816,-0.000259877,-0.000330692,-0.000248191,-0.000275004,-0.000308691,-0.000225502,-0.000298377,-0.000301814,-0.000231691,-0.000305938,-0.000292876,-0.00023444,-0.000327939,-0.000254376,-0.000238565,-0.000328627,-0.000261253,-0.00026469,-0.000314876,-0.000251627,-0.000283254,-0.000313504,-0.000235128]","[7.85465e-07,7.9461e-07,7.89273e-07,7.86189e-07,8.03703e-07,8.05089e-07,8.03047e-07,8.03684e-07,8.06516e-07,8.2938e-07,8.17371e-07,8.06877e-07,7.90746e-07,7.76984e-07,8.12507e-07,7.83372e-07,7.86809e-07,7.83376e-07,8.01256e-07,7.86468e-07,7.8338e-07,8.13183e-07,8.2721e-07,7.76358e-07,7.94558e-07,7.76676e-07,8.00234e-07,8.03316e-07,8.1637e-07,8.1919e-07,8.13846e-07,8.09004e-07,8.21637e-07,8.03322e-07,7.77419e-07,8.09323e-07,7.94208e-07,7.97082e-07,7.85092e-07,8.11775e-07,7.84445e-07,7.99118e-07,8.41978e-07,8.02694e-07,8.14554e-07,7.94961e-07,7.94247e-07,7.88223e-07,8.04092e-07,7.93183e-07,8.02972e-07,8.04451e-07,8.06507e-07,8.17386e-07,7.96367e-07,8.00513e-07,7.73162e-07,8.00243e-07,8.25091e-07,7.86177e-07,8.05853e-07,7.81546e-07,7.99514e-07,7.92128e-07,7.84699e-07,8.04087e-07,7.74919e-07,7.91746e-07,7.6829e-07,7.91043e-07,8.02646e-07,7.79529e-07,8.03676e-07,7.81597e-07,7.96013e-07,7.977e-07,8.00239e-07,7.8828e-07,8.08578e-07,7.97418e-07,8.01256e-07,8.13513e-07,7.95332e-07,8.09309e-07,7.97019e-07,7.90061e-07,7.93153e-07,7.90707e-07,7.81983e-07,8.14549e-07,7.90742e-07,7.84789e-07,7.73472e-07,7.79502e-07,8.13202e-07,7.88932e-07,8.1848e-07,8.08972e-07,7.89285e-07,8.05154e-07]",180,30,23,67,24,1,1.5,0.5,10,1.5,17
2026-05-11T15:32:30.040676+02:00,2026-05-11T15:32:30+02:00,1.092,My_solar_panel_1,Fixed-rack,"[-0.000239941,-0.000274316,-0.000323126,-0.000248191,-0.000298377,-0.000305254,-0.000237188,-0.000292876,-0.000286002,-0.000225502,-0.000313504,-0.000267439,-0.000235128,-0.000325879,-0.000254376,-0.000258501,-0.000327251,-0.000246126,-0.000277753,-0.00031144,-0.000239941,-0.000290815,-0.000294252,-0.000230315,-0.000308691,-0.000271563,-0.000239253,-0.000326567,-0.000251627,-0.000248191,-0.000326567,-0.000246814,-0.000274316,-0.000308691,-0.000238565,-0.000295628,-0.000302502,-0.000228939,-0.000305254,-0.000283942,-0.000238565,-0.000318317,-0.000255752,-0.000255064,-0.000316253,-0.00025644,-0.000252316,-0.000312816,-0.000245442,-0.000285314,-0.000314876,-0.000229627,-0.000303878,-0.000286002,-0.000233752,-0.00031144,-0.000274316,-0.000244066,-0.000330003,-0.000266066,-0.000250939,-0.000327251,-0.000242001,-0.000284626,-0.000327939,-0.00023444,-0.000283254,-0.000308003,-0.000235816,-0.000310063,-0.000279129,-0.000228939,-0.000328627,-0.000268127,-0.000242001,-0.000332064,-0.00025644,-0.000255064,-0.000324502,-0.000245442,-0.000287379,-0.000310063,-0.000237188,-0.000299753,-0.000297689,-0.000237188,-0.000312816,-0.000270191,-0.000250939,-0.000327939,-0.000260565,-0.000259877,-0.00033344,-0.000244066,-0.000277065,-0.000319689,-0.000235816,-0.000293564,-0.000317629,-0.000237877]","[7.90053e-07,8.07576e-07,7.87871e-07,7.80216e-07,7.86489e-07,7.88941e-07,7.98131e-07,7.721e-07,7.98086e-07,7.81289e-07,7.97008e-07,7.98805e-07,7.70749e-07,8.21572e-07,7.78455e-07,8.06537e-07,7.99804e-07,7.89346e-07,7.80189e-07,8.11755e-07,7.91458e-07,8.12827e-07,8.00887e-07,7.89009e-07,7.91395e-07,8.00908e-07,7.79522e-07,8.12092e-07,8.30066e-07,7.87238e-07,8.15252e-07,8.21995e-07,8.24076e-07,8.04385e-07,8.07257e-07,7.88248e-07,7.97018e-07,8.3149e-07,8.22293e-07,7.98439e-07,8.14279e-07,7.97706e-07,8.00922e-07,7.83369e-07,8.00516e-07,8.06539e-07,7.97414e-07,8.08243e-07,8.08304e-07,7.80182e-07,8.07539e-07,7.76722e-07,7.7841e-07,7.99841e-07,7.98484e-07,8.13159e-07,7.98447e-07,8.10411e-07,8.21919e-07,7.84412e-07,7.97416e-07,7.84005e-07,8.14977e-07,7.66841e-07,7.89973e-07,7.98484e-07,8.03355e-07,7.94204e-07,8.00589e-07,8.12459e-07,7.85103e-07,7.85149e-07,8.04015e-07,7.90028e-07,7.93562e-07,7.88214e-07,7.96357e-07,8.21286e-07,8.00158e-07,8.08304e-07,7.94223e-07,7.88235e-07,7.92514e-07,7.77361e-07,8.058e-07,8.03045e-07,7.78402e-07,7.99504e-07,7.87235e-07,7.98048e-07,7.90386e-07,7.96004e-07,7.92776e-07,8.06199e-07,7.77381e-07,8.04375e-07,8.10419e-07,8.00536e-07,8.01217e-07,7.87247e-07]",180,30,23,67,24,1,1.5,0.5,10,1.5,17
2026-05-11T15:33:00.041064+02:00,2026-05-11T15:33:00+02:00,1.092,My_solar_panel_1,Fixed-rack,"[-0.000272252,-0.000318317,-0.000243378,-0.000290127,-0.000308691,-0.000231691,-0.000296317,-0.000286002,-0.000236504,-0.000319689,-0.000278441,-0.000243378,-0.000329315,-0.000265378,-0.000250939,-0.000327251,-0.000246814,-0.000283254,-0.000312128,-0.000236504,-0.000293564,-0.000301814,-0.000236504,-0.000313504,-0.000275004,-0.00024269,-0.000316253,-0.000258501,-0.000254376,-0.000334816,-0.000270191,-0.000279817,-0.000315564,-0.000242001,-0.000301814,-0.000303878,-0.000240629,-0.00031144,-0.000283254,-0.000237877,-0.000312816,-0.000267439,-0.000246126,-0.000330003,-0.000267439,-0.000248879,-0.000330003,-0.000254376,-0.000285314,-0.00031144,-0.000235816,-0.000302502,-0.000297689,-0.000221377,-0.000304566,-0.000266066,-0.000250251,-0.000314876,-0.00025644,-0.000248191,-0.000318317,-0.000252316,-0.000272252,-0.000316253,-0.000235816,-0.000299065,-0.000293564,-0.000235128,-0.000313504,-0.000275688,-0.000239253,-0.000327251,-0.000267439,-0.000239941,-0.000326567,-0.000254376,-0.000259189,-0.000317629,-0.000251627,-0.000290815,-0.000305254,-0.000229627,-0.000305938,-0.000297689,-0.000230315,-0.000310751,-0.000267439,-0.000235128,-0.000339629,-0.00025644,-0.000254376,-0.00033344,-0.000250939,-0.000288751,-0.000316941,-0.000249567,-0.00030319,-0.000302502,-0.000228255,-0.000308691]","[7.99152e-07,7.97706e-07,7.81975e-07,8.0405e-07,7.88236e-07,7.82688e-07,8.05801e-07,8.10373e-07,7.78822e-07,7.89279e-07,7.87912e-07,8.30775e-07,8.09984e-07,7.87572e-07,8.17076e-07,8.1455e-07,8.12867e-07,7.72811e-07,8.12106e-07,8.17089e-07,7.82281e-07,8.1387e-07,7.94972e-07,7.8788e-07,8.0582e-07,8.17786e-07,8.18421e-07,8.1742e-07,7.9004e-07,7.99095e-07,8.16708e-07,7.92475e-07,7.72782e-07,8.00583e-07,7.85784e-07,8.28614e-07,8.23405e-07,7.91743e-07,7.87556e-07,7.93566e-07,7.73838e-07,7.99507e-07,7.93207e-07,7.86812e-07,7.96347e-07,7.97769e-07,8.01556e-07,7.932e-07,7.98437e-07,7.93499e-07,7.98132e-07,8.11061e-07,7.89649e-07,7.92176e-07,7.80866e-07,8.03371e-07,8.1462e-07,7.94549e-07,8.0057e-07,7.97418e-07,7.91387e-07,7.88287e-07,7.93886e-07,7.94899e-07,7.66184e-07,7.71392e-07,8.24761e-07,7.79526e-07,8.0087e-07,8.0617e-07,8.03044e-07,7.87166e-07,8.12848e-07,7.71446e-07,8.09635e-07,7.94604e-07,8.00217e-07,7.95951e-07,7.99873e-07,7.96326e-07,7.93153e-07,7.91467e-07,8.17026e-07,7.82277e-07,8.12882e-07,7.90691e-07,8.19519e-07,8.13931e-07,8.40869e-07,7.83016e-07,7.98817e-07,8.24023e-07,8.07246e-07,7.79827e-07,8.00515e-07,7.79863e-07,8.05443e-07,7.99826e-07,8.19203e-07,8.00874e-07]",180,30,23,67,24,1,1.5,0.5,10,1.5,17
2026-05-11T15:33:30.040992+02:00,2026-05-11T15:33:30+02:00,1.092,My_solar_panel_1,Fixed-rack,"[-0.000235128,-0.00033344,-0.00025644,-0.000259877,-0.000312816,-0.000239253,-0.000285314,-0.000314192,-0.000240629,-0.000292192,-0.000293564,-0.000237877,-0.000308003,-0.000271563,-0.000247503,-0.000330692,-0.000267439,-0.000253004,-0.000336877,-0.000248191,-0.000268815,-0.000325879,-0.000236504,-0.000299753,-0.000312816,-0.000245442,-0.000301814,-0.000290127,-0.000244066,-0.000323814,-0.000269503,-0.000239253,-0.000325879,-0.000260565,-0.000261253,-0.000327251,-0.000246814,-0.000276376,-0.000314876,-0.000238565,-0.000294252,-0.00030113,-0.000228255,-0.000315564,-0.000272252,-0.000241313,-0.000330003,-0.000253692,-0.000266066,-0.000321754,-0.000250251,-0.000266755,-0.000317629,-0.000236504,-0.000298377,-0.00031144,-0.000246126,-0.000297689,-0.000284626,-0.000246814,-0.000322442,-0.000258501,-0.000257817,-0.000323814,-0.000268127,-0.000250251,-0.000317629,-0.000257817,-0.000290815,-0.000303878,-0.000220001,-0.000300441,-0.000292192,-0.000224814,-0.000306627,-0.000268815,-0.000233064,-0.000323814,-0.000255752,-0.000242001,-0.000325879,-0.000253004,-0.000281189,-0.000321754,-0.000231003,-0.000309379,-0.000296317,-0.000235128,-0.000297689,-0.000270191,-0.000248879,-0.000330692,-0.000257129,-0.000255752,-0.000343066,-0.000250939,-0.000253004,-0.000312128,-0.000237188,-0.000287379]","[7.82685e-07,7.99447e-07,7.91793e-07,7.90035e-07,7.9104e-07,7.94969e-07,7.96683e-07,7.86124e-07,7.90404e-07,7.63324e-07,7.72802e-07,7.92513e-07,8.03332e-07,8.16004e-07,7.85132e-07,8.0261e-07,7.88975e-07,8.07244e-07,8.0155e-07,7.94961e-07,7.91432e-07,7.89273e-07,7.94621e-07,8.0018e-07,8.19829e-07,7.78112e-07,7.86486e-07,8.03349e-07,8.16732e-07,8.0086e-07,8.10038e-07,8.06555e-07,7.9173e-07,7.953e-07,7.99162e-07,7.91027e-07,8.2059e-07,7.86861e-07,7.98762e-07,8.05853e-07,7.81929e-07,8.23701e-07,7.96734e-07,8.01219e-07,8.25483e-07,8.1217e-07,8.00503e-07,7.66518e-07,8.00211e-07,7.97001e-07,7.88289e-07,8.06529e-07,8.07185e-07,7.79173e-07,7.88245e-07,8.14914e-07,7.75653e-07,8.17736e-07,8.09673e-07,7.81972e-07,8.07883e-07,7.9109e-07,7.92143e-07,8.14903e-07,7.75985e-07,8.26556e-07,8.01217e-07,7.84771e-07,7.98432e-07,8.02634e-07,7.91826e-07,7.85434e-07,7.91761e-07,8.1359e-07,7.86833e-07,8.03017e-07,8.15337e-07,8.27893e-07,8.03731e-07,7.83029e-07,8.03668e-07,8.20585e-07,8.19155e-07,8.20874e-07,8.00593e-07,8.24746e-07,8.03343e-07,7.9708e-07,7.92809e-07,8.11442e-07,7.8197e-07,8.03312e-07,8.02325e-07,8.19881e-07,7.98385e-07,8.00926e-07,8.00223e-07,7.92445e-07,7.86545e-07,8.01947e-07]",180,30,23,67,24,1,1.5,0.5,10,1.5,17
2026-05-12T15:57:00.047903+02:00,2026-05-12T15:57:00+02:00,1.092,My_solar_panel_1,Egis-tracker,"[-0.000364378,-0.000252316,-0.000239253,-0.000376753,-0.000233752,-0.000286691,-0.000349251,-0.000222065,-0.000320377,-0.000321066,-0.000215876,-0.000345126,-0.000268815,-0.000224814,-0.000369191,-0.00025644,-0.000233064,-0.00036988,-0.000250251,-0.00026263,-0.000367127,-0.000228939,-0.000309379,-0.000338253,-0.000224126,-0.000332064,-0.000308003,-0.000228255,-0.000367815,-0.000259877,-0.000228255,-0.000374688,-0.000254376,-0.000248879,-0.000378129,-0.000225502,-0.000288067,-0.000344438,-0.000216564,-0.000325879,-0.000309379,-0.000224126,-0.000360942,-0.000283254,-0.000217252,-0.000377441,-0.000250939,-0.000241313,-0.00037194,-0.000246126,-0.000264002,-0.000354064,-0.000212439,-0.000312128,-0.000335505,-0.000213128,-0.000340313,-0.000285314,-0.000216564,-0.000366439,-0.000268127,-0.000227567,-0.000368503,-0.000259189,-0.000241313,-0.000367127,-0.00023238,-0.000288751,-0.000354752,-0.000223442,-0.000327251,-0.000312816,-0.000224126,-0.000354752,-0.000275004,-0.00022619,-0.000385003,-0.000253692,-0.000239253,-0.000373316,-0.000231003,-0.000273628,-0.000359565,-0.000235128,-0.000323126,-0.000327939,-0.000218629,-0.000344438,-0.00029494,-0.000222754,-0.00036369,-0.000260565,-0.000217252,-0.000370564,-0.000248191,-0.000239941,-0.000365067,-0.000226878,-0.000292876,-0.000346503]","[8.09952e-07,8.07244e-07,8.02342e-07,8.08184e-07,7.85144e-07,7.7667e-07,7.83635e-07,7.88315e-07,7.89629e-07,8.05778e-07,7.80245e-07,8.19096e-07,7.99857e-07,7.9428e-07,7.90637e-07,8.04081e-07,7.82336e-07,7.93446e-07,7.94959e-07,7.96703e-07,7.71331e-07,7.90063e-07,8.07544e-07,8.08922e-07,7.73918e-07,7.87161e-07,8.13514e-07,7.87606e-07,8.11002e-07,7.82311e-07,7.93223e-07,7.89579e-07,7.73891e-07,8.02333e-07,7.973e-07,7.73566e-07,7.78424e-07,7.92065e-07,8.0833e-07,8.08231e-07,8.1948e-07,8.12537e-07,8.03636e-07,8.181e-07,7.96393e-07,7.9695e-07,7.94959e-07,7.68987e-07,8.19072e-07,7.80569e-07,8.11798e-07,8.17333e-07,8.08334e-07,7.77349e-07,7.72764e-07,7.80949e-07,8.24718e-07,8.09672e-07,7.86213e-07,7.8748e-07,8.20922e-07,7.8831e-07,8.04682e-07,8.0443e-07,7.87946e-07,8.23641e-07,7.91815e-07,7.78774e-07,8.23652e-07,8.10782e-07,7.87516e-07,8.17722e-07,7.91823e-07,7.80119e-07,8.04064e-07,7.89013e-07,8.01506e-07,7.97764e-07,7.83032e-07,8.00464e-07,7.86902e-07,8.01608e-07,7.83976e-07,7.70046e-07,7.8436e-07,8.00505e-07,7.77785e-07,8.22258e-07,7.83684e-07,7.77079e-07,7.68174e-07,8.20578e-07,7.85159e-07,8.20478e-07,7.9145e-07,7.84787e-07,8.01525e-07,7.79182e-07,7.89303e-07,7.7486e-07]",180,30,23,67,24,1,1.5,0.5,10,1.5,17
2026-05-12T15:57:30.047315+02:00,2026-05-12T15:57:30+02:00,1.092,My_solar_panel_1,Egis-tracker,"[-0.000223442,-0.000337565,-0.000312128,-0.000217941,-0.000363002,-0.000258501,-0.000230315,-0.000364378,-0.000240629,-0.000241313,-0.000367815,-0.000214504,-0.000281189,-0.000352004,-0.000211751,-0.000319001,-0.000321754,-0.000213816,-0.000352692,-0.000274316,-0.00023238,-0.000360254,-0.00026469,-0.00023444,-0.000368503,-0.000244754,-0.00027294,-0.00036369,-0.000230315,-0.00031144,-0.000345815,-0.000229627,-0.000323814,-0.000299065,-0.000220001,-0.000367127,-0.000265378,-0.00022619,-0.00038019,-0.000254376,-0.000248191,-0.000365755,-0.000239941,-0.000282566,-0.000356817,-0.000233064,-0.000315564,-0.000312128,-0.000227567,-0.000349251,-0.000273628,-0.000217941,-0.000366439,-0.000269503,-0.000251627,-0.000373316,-0.000239941,-0.000273628,-0.000371252,-0.000227567,-0.000303878,-0.00033138,-0.000213816,-0.000344438,-0.000302502,-0.000220689,-0.000362314,-0.000259189,-0.000221377,-0.000377441,-0.000252316,-0.000245442,-0.000365067,-0.000231003,-0.000302502,-0.000349251,-0.000213816,-0.00031144,-0.000312128,-0.000213128,-0.000360942,-0.000278441,-0.000244754,-0.00038019,-0.000245442,-0.000235128,-0.000382942,-0.000239253,-0.000270191,-0.000374688,-0.000231691,-0.000314192,-0.000342378,-0.000223442,-0.000334128,-0.000283942,-0.000224814,-0.000367127,-0.000268815,-0.000219317]","[7.6128e-07,7.69953e-07,7.8437e-07,7.74274e-07,8.11006e-07,7.99515e-07,7.81285e-07,8.04334e-07,7.73201e-07,7.85138e-07,7.91692e-07,7.95694e-07,7.85452e-07,8.15931e-07,8.18867e-07,8.12451e-07,8.10692e-07,7.89024e-07,8.00132e-07,8.15299e-07,7.89007e-07,7.77656e-07,7.80201e-07,7.96027e-07,8.2048e-07,7.92507e-07,7.75278e-07,7.87834e-07,7.80583e-07,8.04734e-07,7.99436e-07,7.82339e-07,8.19467e-07,8.06852e-07,7.77783e-07,7.86076e-07,8.01265e-07,7.90768e-07,8.16256e-07,7.96009e-07,7.74247e-07,7.86428e-07,7.81978e-07,7.87206e-07,8.02586e-07,7.67591e-07,8.19123e-07,8.02275e-07,7.98841e-07,7.84688e-07,7.99151e-07,7.80945e-07,7.68873e-07,8.01611e-07,7.55286e-07,7.90985e-07,7.88298e-07,7.6615e-07,8.03977e-07,7.93224e-07,7.93155e-07,8.06119e-07,7.66906e-07,8.0049e-07,7.93156e-07,8.14647e-07,7.96613e-07,8.00217e-07,7.88666e-07,8.05727e-07,8.10054e-07,8.10762e-07,7.98015e-07,7.94274e-07,7.8789e-07,7.81879e-07,7.87971e-07,8.04031e-07,8.07541e-07,7.91131e-07,7.96965e-07,8.02658e-07,7.80921e-07,7.83607e-07,8.12166e-07,7.73908e-07,7.95189e-07,7.80224e-07,7.88621e-07,7.77643e-07,7.7356e-07,7.75591e-07,8.00142e-07,7.89015e-07,7.90669e-07,7.94226e-07,7.86206e-07,7.90289e-07,8.05474e-07,7.85859e-07]",180,30,23,67,24,1,1.5,0.5,10,1.5,17
2026-05-12T15:58:00.048263+02:00,2026-05-12T15:58:00+02:00,1.092,My_solar_panel_1,Egis-tracker,"[-0.000368503,-0.00027294,-0.000244754,-0.000382942,-0.000251627,-0.00025644,-0.000352004,-0.000231003,-0.000304566,-0.000349939,-0.000221377,-0.000328627,-0.000320377,-0.000225502,-0.000358877,-0.000276376,-0.00022619,-0.000366439,-0.000248879,-0.000240629,-0.000369191,-0.000226878,-0.000276376,-0.000349939,-0.000213128,-0.000309379,-0.000312816,-0.000219317,-0.000336877,-0.000280501,-0.000222065,-0.000367815,-0.000250939,-0.000225502,-0.000378129,-0.000243378,-0.000257817,-0.000354064,-0.000220001,-0.000295628,-0.000346503,-0.000216564,-0.000341002,-0.000306627,-0.00022619,-0.000354752,-0.000275004,-0.000220001,-0.000367815,-0.000253004,-0.000238565,-0.000374688,-0.000214504,-0.000286691,-0.000356129,-0.000214504,-0.000308003,-0.000319689,-0.000217252,-0.000345126,-0.000288067,-0.000211067,-0.00038019,-0.000255752,-0.000222754,-0.000377441,-0.000243378,-0.000266066,-0.00036369,-0.000227567,-0.000309379,-0.00034169,-0.00022619,-0.000324502,-0.000312128,-0.000222065,-0.000356129,-0.000261253,-0.000209003,-0.000359565,-0.000252316,-0.00023444,-0.000377441,-0.000235128,-0.000281189,-0.000347879,-0.000217252,-0.000313504,-0.000316941,-0.000214504,-0.000351316,-0.000275688,-0.000230315,-0.00037194,-0.000254376,-0.000236504,-0.000372628,-0.00024269,-0.000259189,-0.000374004]","[7.95905e-07,7.97396e-07,7.99177e-07,7.97296e-07,7.96362e-07,7.55282e-07,7.7977e-07,7.63379e-07,7.80164e-07,8.04347e-07,7.89017e-07,7.6645e-07,8.00863e-07,7.70758e-07,7.94158e-07,7.72466e-07,7.8164e-07,7.86427e-07,7.69332e-07,7.77414e-07,7.9134e-07,7.92171e-07,7.62988e-07,8.00485e-07,7.66906e-07,7.78054e-07,7.95604e-07,7.78135e-07,7.73464e-07,7.7808e-07,7.72164e-07,7.93097e-07,7.89692e-07,7.94631e-07,7.60437e-07,7.9321e-07,7.73536e-07,7.9978e-07,8.0587e-07,7.81226e-07,7.92414e-07,7.67606e-07,7.85397e-07,8.01929e-07,7.8164e-07,8.0013e-07,8.03714e-07,7.91476e-07,7.99416e-07,7.9636e-07,7.95672e-07,7.89931e-07,7.74277e-07,7.99139e-07,7.70639e-07,8.04471e-07,7.9596e-07,8.00162e-07,7.74978e-07,7.82936e-07,7.87552e-07,7.56376e-07,7.88873e-07,8.12508e-07,7.78834e-07,7.7097e-07,7.90752e-07,8.03722e-07,7.96611e-07,7.91819e-07,7.88586e-07,7.79429e-07,7.92172e-07,7.92083e-07,7.95956e-07,7.89718e-07,7.82575e-07,8.08992e-07,7.60591e-07,8.03637e-07,8.01978e-07,7.83388e-07,8.05727e-07,7.65482e-07,7.95633e-07,7.81178e-07,7.5953e-07,7.85422e-07,7.97356e-07,8.08332e-07,7.9241e-07,7.84052e-07,7.7286e-07,7.77645e-07,7.74593e-07,7.95322e-07,8.09241e-07,7.74955e-07,7.80907e-07,8.0889e-07]",180,30,23,67,24,1,1.5,0.5,10,1.5,17
2026-05-12T15:58:30.037364+02:00,2026-05-12T15:58:30+02:00,1.092,My_solar_panel_1,Egis-tracker,"[-0.000290815,-0.000222065,-0.000374004,-0.000251627,-0.00023444,-0.000367127,-0.000248879,-0.000252316,-0.000369191,-0.000231691,-0.000312128,-0.000340313,-0.000228255,-0.000334128,-0.00031144,-0.000235816,-0.000351316,-0.000275004,-0.000224126,-0.000383626,-0.00025644,-0.000239253,-0.000368503,-0.000227567,-0.000299753,-0.000356129,-0.000222754,-0.000313504,-0.000321754,-0.000220001,-0.000363002,-0.000279817,-0.000225502,-0.000365755,-0.000248879,-0.000228255,-0.000370564,-0.000248191,-0.000265378,-0.000375377,-0.000233064,-0.000309379,-0.000357501,-0.000223442,-0.000332752,-0.000304566,-0.000221377,-0.000365067,-0.000263314,-0.00023238,-0.000375377,-0.000246814,-0.000241313,-0.000383626,-0.000239253,-0.000286691,-0.000351316,-0.000213816,-0.000320377,-0.000315564,-0.000213128,-0.000351316,-0.000281189,-0.000223442,-0.000365067,-0.000253004,-0.000231003,-0.00036988,-0.000248879,-0.000257817,-0.000358877,-0.000235128,-0.000316253,-0.000349251,-0.000225502,-0.000329315,-0.000300441,-0.000215192,-0.000360942,-0.00025644,-0.000218629,-0.000371252,-0.000258501,-0.000248191,-0.000358189,-0.000215192,-0.000281189,-0.000358877,-0.000213816,-0.000316941,-0.000312128,-0.000217252,-0.000355441,-0.000280501,-0.000220689,-0.000378129,-0.000250251,-0.000222065,-0.000382254,-0.000247503]","[7.91412e-07,8.05166e-07,7.74835e-07,7.93202e-07,7.86197e-07,7.76948e-07,7.84779e-07,7.99521e-07,7.94148e-07,7.99189e-07,7.98413e-07,8.12431e-07,8.08671e-07,7.86106e-07,7.75594e-07,7.8444e-07,7.81526e-07,7.81244e-07,7.77429e-07,7.87465e-07,7.80208e-07,7.69341e-07,7.96958e-07,7.96033e-07,7.97021e-07,7.85735e-07,8.14645e-07,8.0087e-07,7.96298e-07,7.8937e-07,7.98017e-07,8.04411e-07,7.67948e-07,7.92397e-07,8.09705e-07,7.71105e-07,8.00466e-07,7.92504e-07,7.82306e-07,8.05729e-07,7.9357e-07,7.80862e-07,7.93106e-07,7.5812e-07,8.00501e-07,8.11411e-07,7.95687e-07,8.04685e-07,8.13555e-07,8.17795e-07,8.00112e-07,7.911e-07,7.81275e-07,8.09934e-07,8.12172e-07,8.30384e-07,7.96974e-07,7.52512e-07,7.86119e-07,7.69271e-07,7.8762e-07,7.8925e-07,7.79484e-07,7.8059e-07,8.07845e-07,8.08297e-07,7.7637e-07,8.00818e-07,7.93205e-07,7.88984e-07,7.95211e-07,7.87951e-07,7.89632e-07,8.13827e-07,7.7813e-07,8.06824e-07,7.88243e-07,7.77086e-07,7.95561e-07,8.01273e-07,7.79891e-07,8.02573e-07,8.06888e-07,7.72843e-07,7.89594e-07,8.06576e-07,7.92122e-07,7.90297e-07,7.67257e-07,8.05782e-07,8.01924e-07,7.83403e-07,7.87842e-07,8.02304e-07,7.82347e-07,7.99406e-07,7.93203e-07,7.75324e-07,8.0186e-07,7.99525e-07]",180,30,23,67,24,1,1.5,0.5,10,1.5,17
2026-05-12T15:59:00.049344+02:00,2026-05-12T15:59:00+02:00,1.092,My_solar_panel_1,Egis-tracker,"[-0.000370564,-0.000248191,-0.000257129,-0.000362314,-0.000227567,-0.000308003,-0.000358189,-0.000215192,-0.000332064,-0.000322442,-0.000226878,-0.000354752,-0.000281189,-0.000231003,-0.000373316,-0.000244066,-0.000244754,-0.000374004,-0.000231691,-0.000287379,-0.000347191,-0.000215876,-0.000312128,-0.000310751,-0.000217941,-0.000347879,-0.000282566,-0.000218629,-0.000365067,-0.000261253,-0.00023444,-0.000378129,-0.000236504,-0.00026263,-0.00036369,-0.000217252,-0.00030113,-0.000336189,-0.000222754,-0.000337565,-0.000310751,-0.000236504,-0.000354752,-0.000266066,-0.000226878,-0.000379501,-0.000258501,-0.000247503,-0.00036988,-0.000235816,-0.000279129,-0.000364378,-0.00023238,-0.000321754,-0.000315564,-0.000227567,-0.000347191,-0.000277753,-0.00022619,-0.00036369,-0.000261253,-0.000239941,-0.000383626,-0.00023238,-0.000266066,-0.00037194,-0.000228939,-0.00031144,-0.000350628,-0.000223442,-0.000324502,-0.000322442,-0.000220001,-0.000355441,-0.000261942,-0.000239253,-0.000372628,-0.000245442,-0.000235128,-0.000369191,-0.000240629,-0.000274316,-0.000349939,-0.000230315,-0.000312128,-0.00032519,-0.000221377,-0.000358877,-0.000277753,-0.000233752,-0.000375377,-0.000244754,-0.000231691,-0.000374004,-0.000242001,-0.000268815,-0.000368503,-0.000220689,-0.00030319,-0.000347879]","[7.90988e-07,7.94961e-07,7.89336e-07,7.94858e-07,7.6584e-07,7.88236e-07,7.91701e-07,7.78841e-07,7.94182e-07,7.92085e-07,7.80586e-07,7.80119e-07,8.09324e-07,8.24116e-07,7.95901e-07,8.12167e-07,8.07954e-07,8.20475e-07,7.72156e-07,7.84393e-07,8.21904e-07,7.70064e-07,8.0368e-07,8.16671e-07,7.74274e-07,7.96977e-07,7.92823e-07,7.59529e-07,8.03982e-07,7.9214e-07,7.87952e-07,7.95545e-07,7.81279e-07,7.9881e-07,7.98016e-07,7.81648e-07,8.12817e-07,7.74167e-07,7.92527e-07,8.00848e-07,8.08596e-07,7.67237e-07,7.79767e-07,7.95647e-07,8.02002e-07,8.18363e-07,8.01621e-07,7.78812e-07,7.89935e-07,7.99887e-07,7.78081e-07,8.09249e-07,7.95677e-07,8.07533e-07,7.9841e-07,7.91118e-07,8.00839e-07,7.99498e-07,7.8164e-07,7.931e-07,8.05481e-07,7.74957e-07,8.02912e-07,7.80581e-07,7.69316e-07,7.96955e-07,7.84797e-07,7.78403e-07,7.96272e-07,8.25527e-07,8.03669e-07,7.88574e-07,7.75326e-07,7.86087e-07,8.14959e-07,8.00937e-07,7.98358e-07,7.59505e-07,7.93217e-07,7.94148e-07,7.78116e-07,8.03363e-07,7.98028e-07,7.91115e-07,8.32819e-07,7.89274e-07,7.62335e-07,7.94861e-07,8.01955e-07,7.81282e-07,7.92388e-07,7.98474e-07,7.68294e-07,8.01516e-07,7.71796e-07,8.07932e-07,8.03629e-07,7.84453e-07,7.98421e-07,8.10668e-07]",180,30,23,67,24,1,1.5,0.5,10,1.5,17
2026-05-12T15:59:30.039602+02:00,2026-05-12T15:59:30+02:00,1.092,My_solar_panel_1,Egis-tracker,"[-0.000216564,-0.000378813,-0.000236504,-0.000244754,-0.000366439,-0.000224814,-0.000307315,-0.000339629,-0.000233064,-0.000330003,-0.000305938,-0.000220001,-0.000358877,-0.00027294,-0.000231003,-0.000371252,-0.000249567,-0.000245442,-0.000362314,-0.00023238,-0.000283942,-0.000345126,-0.000215876,-0.000322442,-0.000323126,-0.000224814,-0.000339629,-0.000278441,-0.000222754,-0.000376753,-0.000249567,-0.000243378,-0.000382942,-0.000243378,-0.000267439,-0.000360942,-0.000220689,-0.000308003,-0.000336189,-0.000210379,-0.000327251,-0.00030113,-0.000218629,-0.000349939,-0.000259877,-0.000219317,-0.000367127,-0.000263314,-0.00024269,-0.000362314,-0.000237877,-0.000288751,-0.000351316,-0.000213816,-0.000330003,-0.000309379,-0.000220689,-0.000352004,-0.000281189,-0.000238565,-0.000367127,-0.000257129,-0.000230315,-0.000365067,-0.000239253,-0.000277065,-0.00036369,-0.00022619,-0.000312816,-0.000329315,-0.000211751,-0.000349251,-0.000292876,-0.000220689,-0.000369191,-0.000255064,-0.000223442,-0.000361626,-0.000248191,-0.000244066,-0.00036369,-0.000216564,-0.000300441,-0.000343754,-0.000217252,-0.00031144,-0.000309379,-0.000215192,-0.000349251,-0.000257129,-0.000220001,-0.000373316,-0.000250939,-0.00022619,-0.000365067,-0.000227567,-0.000281189,-0.000354752,-0.000224126,-0.000315564]","[7.89723e-07,8.138e-07,7.91811e-07,7.70037e-07,8.02928e-07,8.14643e-07,7.73843e-07,8.03655e-07,7.87251e-07,8.11036e-07,7.90695e-07,7.63389e-07,8.12765e-07,7.72469e-07,7.88657e-07,8.01169e-07,7.80566e-07,7.77059e-07,7.97314e-07,7.96379e-07,7.97386e-07,7.91713e-07,7.8832e-07,7.88223e-07,7.90329e-07,8.00599e-07,8.0225e-07,7.91071e-07,7.81994e-07,7.81503e-07,8.0479e-07,7.91103e-07,7.80795e-07,7.96019e-07,7.94241e-07,8.02231e-07,8.01305e-07,8.05087e-07,8.01551e-07,7.89027e-07,8.16305e-07,8.18435e-07,7.86913e-07,8.09613e-07,8.10047e-07,7.91827e-07,7.99416e-07,7.85468e-07,7.86189e-07,7.924e-07,7.6864e-07,7.86148e-07,7.7977e-07,7.77439e-07,7.95237e-07,7.90692e-07,7.61634e-07,7.83983e-07,7.94931e-07,7.91108e-07,7.82214e-07,7.92846e-07,7.76721e-07,7.97663e-07,8.01289e-07,7.59125e-07,8.19782e-07,7.81991e-07,7.97009e-07,8.02611e-07,7.91834e-07,8.17689e-07,8.00888e-07,7.56368e-07,7.90637e-07,7.88285e-07,7.8726e-07,8.1522e-07,7.82673e-07,7.89698e-07,8.1557e-07,7.80946e-07,7.73146e-07,8.00842e-07,7.98149e-07,7.72083e-07,7.97714e-07,8.00959e-07,7.80124e-07,8.14262e-07,7.7638e-07,7.70623e-07,7.77405e-07,7.77778e-07,7.72386e-07,7.81639e-07,7.85101e-07,7.88896e-07,7.89014e-07,8.05081e-07]",180,30,23,67,24,1,1.5,0.5,10,1.5,17
2026-05-12T16:00:00.040440+02:00,2026-05-12T16:00:00+02:00,1.092,My_solar_panel_1,Egis-tracker,"[-0.000366439,-0.000251627,-0.000246126,-0.00037194,-0.000230315,-0.000279817,-0.000360254,-0.000218629,-0.00031144,-0.000324502,-0.000219317,-0.000335505,-0.000278441,-0.000209003,-0.000372628,-0.000258501,-0.000233752,-0.000365755,-0.000247503,-0.000269503,-0.000365067,-0.000220001,-0.00030113,-0.00033344,-0.000213128,-0.000330692,-0.000299065,-0.000211751,-0.000370564,-0.000266066,-0.000235128,-0.00037194,-0.000257129,-0.000241313,-0.00036369,-0.000231003,-0.000287379,-0.000353376,-0.000213128,-0.000320377,-0.000317629,-0.000218629,-0.000349251,-0.000274316,-0.000214504,-0.000376065,-0.000258501,-0.000245442,-0.000377441,-0.00023444,-0.000263314,-0.000349251,-0.000217941,-0.000310063,-0.000326567,-0.000205566,-0.000338941,-0.000290127,-0.000221377,-0.00036369,-0.000264002,-0.000217941,-0.000367815,-0.00024269,-0.000244754,-0.000361626,-0.000225502,-0.000285314,-0.000345126,-0.000209003,-0.000316941,-0.000312128,-0.000221377,-0.000357501,-0.000264002,-0.000224126,-0.000390504,-0.000266066,-0.000241313,-0.000373316,-0.000236504,-0.000284626,-0.000349251,-0.000225502,-0.000321066,-0.000319001,-0.000220001,-0.000354752,-0.000289439,-0.000231691,-0.000364378,-0.000265378,-0.000222065,-0.000367127,-0.00024269,-0.000251627,-0.000368503,-0.000219317,-0.000312128,-0.000352692]","[8.02226e-07,7.88638e-07,7.69686e-07,8.13456e-07,7.69349e-07,7.77379e-07,7.79412e-07,7.75327e-07,7.78754e-07,7.86115e-07,7.99551e-07,7.86455e-07,7.68603e-07,7.65155e-07,7.94145e-07,7.96707e-07,7.66888e-07,7.95908e-07,7.81269e-07,7.79494e-07,7.78705e-07,7.95337e-07,8.04392e-07,8.18757e-07,7.72172e-07,7.82949e-07,7.88595e-07,8.06931e-07,8.01169e-07,8.08636e-07,7.91462e-07,8.13104e-07,7.72484e-07,7.75658e-07,8.0258e-07,7.81636e-07,7.65786e-07,7.82578e-07,7.83407e-07,7.80852e-07,8.03675e-07,7.73221e-07,8.0189e-07,7.80894e-07,7.82353e-07,7.77291e-07,7.80558e-07,7.84431e-07,7.94844e-07,7.96027e-07,7.96351e-07,7.68187e-07,8.1184e-07,7.99468e-07,7.60484e-07,7.80254e-07,7.87857e-07,7.88954e-07,7.67952e-07,7.99771e-07,7.88978e-07,7.96744e-07,7.93799e-07,8.062e-07,7.76357e-07,7.71336e-07,7.683e-07,7.80884e-07,7.85393e-07,7.91486e-07,7.95601e-07,7.9736e-07,7.73218e-07,7.80468e-07,7.8933e-07,7.82695e-07,7.86757e-07,7.74582e-07,7.76361e-07,7.71676e-07,8.1077e-07,7.94928e-07,8.08561e-07,7.77428e-07,8.03321e-07,8.17365e-07,7.88667e-07,7.76959e-07,7.81583e-07,7.58816e-07,8.13813e-07,7.95999e-07,7.82697e-07,7.96257e-07,7.90402e-07,7.95309e-07,8.01171e-07,8.0903e-07,7.85775e-07,8.05398e-07]",180,30,23,67,24,1,1.5,0.5,10,1.5,17
2026-05-12T16:00:30.040715+02:00,2026-05-12T16:00:30+02:00,1.092,My_solar_panel_1,Egis-tracker,"[-0.00025644,-0.000248879,-0.000374004,-0.000223442,-0.000271563,-0.000350628,-0.000229627,-0.000309379,-0.000341002,-0.000217252,-0.000338941,-0.000302502,-0.000224814,-0.000369191,-0.00026263,-0.000231003,-0.000361626,-0.00025644,-0.000244754,-0.000386379,-0.000233752,-0.000297689,-0.000343754,-0.000231691,-0.000324502,-0.000315564,-0.000217252,-0.000349939,-0.000268815,-0.000229627,-0.000385003,-0.000250251,-0.000245442,-0.000364378,-0.000233064,-0.000279129,-0.000346503,-0.000228939,-0.000305938,-0.000330003,-0.000223442,-0.000356817,-0.000278441,-0.000227567,-0.000376753,-0.000254376,-0.000229627,-0.000378813,-0.000253004,-0.000257817,-0.000360254,-0.000233064,-0.000290815,-0.000347879,-0.000211751,-0.000334816,-0.000318317,-0.000231003,-0.000358877,-0.000267439,-0.000222065,-0.000378813,-0.000240629,-0.000241313,-0.00036988,-0.000231691,-0.000273628,-0.000350628,-0.000207626,-0.000324502,-0.000330003,-0.000223442,-0.000352692,-0.000286691,-0.000217252,-0.000367127,-0.000255752,-0.000231003,-0.000376753,-0.000248191,-0.000270879,-0.000361626,-0.000222754,-0.000314192,-0.000355441,-0.000231003,-0.000330692,-0.000286691,-0.000215876,-0.000351316,-0.000267439,-0.000217941,-0.000370564,-0.000237877,-0.000237877,-0.000365067,-0.000225502,-0.000282566,-0.000358189,-0.000222065]","[8.08645e-07,7.918e-07,7.9274e-07,7.85504e-07,8.21621e-07,7.84687e-07,7.70051e-07,8.0298e-07,8.10323e-07,7.72871e-07,7.86804e-07,7.8473e-07,7.95684e-07,8.01521e-07,8.07235e-07,8.01998e-07,8.16975e-07,8.11454e-07,7.81272e-07,7.88867e-07,8.05155e-07,7.99129e-07,7.83288e-07,8.01997e-07,7.95242e-07,7.56983e-07,7.84105e-07,7.85389e-07,8.01963e-07,7.90764e-07,7.82899e-07,8.20939e-07,7.87942e-07,8.16973e-07,7.99188e-07,7.86858e-07,8.16287e-07,7.88659e-07,8.08249e-07,7.93834e-07,7.9709e-07,7.92755e-07,7.91773e-07,7.66893e-07,7.99759e-07,8.03381e-07,7.75668e-07,7.83256e-07,8.11808e-07,7.97059e-07,8.06093e-07,7.98135e-07,7.8439e-07,7.80476e-07,8.10441e-07,8.06468e-07,7.94546e-07,8.0937e-07,7.98371e-07,8.1039e-07,7.93932e-07,7.63596e-07,7.88298e-07,7.7952e-07,7.95552e-07,8.0305e-07,8.13895e-07,8.01538e-07,7.70071e-07,8.08583e-07,7.94535e-07,7.66195e-07,7.9311e-07,7.86149e-07,7.81648e-07,8.11354e-07,8.0338e-07,7.93221e-07,8.0327e-07,7.92504e-07,7.90025e-07,7.83974e-07,7.88664e-07,7.93848e-07,8.06097e-07,7.56007e-07,8.13844e-07,7.92819e-07,7.79192e-07,7.82228e-07,7.65804e-07,7.86562e-07,8.15212e-07,7.91108e-07,7.83033e-07,8.01174e-07,7.79535e-07,7.82993e-07,7.87488e-07,7.77782e-07]",180,30,23,67,24,1,1.5,0.5,10,1.5,17
2026-05-12T16:01:00.042170+02:00,2026-05-12T16:01:00+02:00,1.092,My_solar_panel_1,Egis-tracker,"[-0.000353376,-0.000266066,-0.000229627,-0.000374004,-0.000259877,-0.000227567,-0.000369191,-0.00023444,-0.000283254,-0.000343754,-0.000216564,-0.000319689,-0.000328627,-0.000217941,-0.000342378,-0.000285314,-0.000222065,-0.000365755,-0.000261942,-0.000223442,-0.000369191,-0.000238565,-0.000259877,-0.000365755,-0.000237188,-0.000305254,-0.000347191,-0.000222065,-0.000327939,-0.000316941,-0.000226878,-0.000358189,-0.000271563,-0.000226878,-0.000376065,-0.000250939,-0.000229627,-0.000365755,-0.000237188,-0.000290815,-0.000360942,-0.000224126,-0.000319001,-0.000314876,-0.000219317,-0.000350628,-0.000276376,-0.000226878,-0.000367127,-0.000246814,-0.000235128,-0.000381566,-0.00023444,-0.000260565,-0.000366439,-0.000226878,-0.000317629,-0.000330003,-0.000213128,-0.000335505,-0.000297689,-0.000222754,-0.000368503,-0.00026469,-0.00023238,-0.000372628,-0.000242001,-0.000249567,-0.00036988,-0.000236504,-0.000290815,-0.000338253,-0.000224814,-0.000326567,-0.000312816,-0.000218629,-0.000354064,-0.000272252,-0.000221377,-0.000376065,-0.000253004,-0.000253004,-0.000371252,-0.000235128,-0.000285314,-0.000358189,-0.000220001,-0.000310751,-0.00032519,-0.000227567,-0.000346503,-0.000288067,-0.000220001,-0.000360254,-0.000259877,-0.000226878,-0.000374688,-0.000244754,-0.000257817,-0.000369191]","[7.9311e-07,7.95295e-07,7.73913e-07,7.72378e-07,8.09344e-07,7.85852e-07,8.0117e-07,8.03751e-07,7.86503e-07,7.68544e-07,7.87617e-07,7.96651e-07,7.91026e-07,7.96042e-07,8.04003e-07,7.96331e-07,8.25177e-07,8.04685e-07,8.118e-07,7.83398e-07,7.71329e-07,7.8514e-07,7.79503e-07,7.94152e-07,8.09716e-07,7.73493e-07,8.05755e-07,7.85155e-07,8.04367e-07,8.08239e-07,7.75671e-07,7.90999e-07,7.93184e-07,7.91118e-07,7.80801e-07,7.94607e-07,7.90414e-07,8.05386e-07,8.01992e-07,8.06508e-07,7.81518e-07,7.64088e-07,7.72076e-07,8.08943e-07,7.91827e-07,7.87846e-07,8.01255e-07,7.91118e-07,7.65012e-07,8.12165e-07,7.86547e-07,8.21521e-07,7.89707e-07,7.58438e-07,7.90991e-07,7.82341e-07,7.9876e-07,8.12089e-07,7.9429e-07,7.86105e-07,7.86841e-07,7.78484e-07,7.90288e-07,7.89679e-07,7.81283e-07,7.96252e-07,8.02339e-07,7.90045e-07,7.90637e-07,8.03749e-07,8.04753e-07,7.95933e-07,7.90067e-07,7.97698e-07,8.0087e-07,8.07978e-07,7.85035e-07,7.85109e-07,8.18859e-07,8.17313e-07,7.6687e-07,7.84073e-07,7.99413e-07,7.96377e-07,7.87906e-07,7.98021e-07,7.95689e-07,7.71733e-07,7.87168e-07,7.84447e-07,7.86797e-07,8.07212e-07,8.00253e-07,7.99072e-07,8.07237e-07,7.86204e-07,8.17666e-07,7.85836e-07,7.81962e-07,8.23288e-07]",180,30,23,67,24,1,1.5,0.5,10,1.5,17
2026-05-12T16:01:30.041240+02:00,2026-05-12T16:01:30+02:00,1.092,My_solar_panel_1,Egis-tracker,"[-0.000243378,-0.000236504,-0.00036988,-0.000222065,-0.000278441,-0.000348567,-0.000213128,-0.000319689,-0.000329315,-0.000224814,-0.000344438,-0.000272252,-0.000228255,-0.000363002,-0.000251627,-0.000238565,-0.000383626,-0.000233064,-0.000261253,-0.000364378,-0.000221377,-0.00031144,-0.000339629,-0.000210379,-0.000330003,-0.000294252,-0.000209003,-0.000355441,-0.000253692,-0.000233064,-0.000370564,-0.000235128,-0.000242001,-0.000367127,-0.000219317,-0.000287379,-0.000343066,-0.000218629,-0.000328627,-0.000299065,-0.000217941,-0.000340313,-0.000266066,-0.000233064,-0.000374004,-0.000259189,-0.000243378,-0.000359565,-0.000217941,-0.000270879,-0.000356817,-0.000222065,-0.000314876,-0.000321754,-0.000219317,-0.000338253,-0.000292192,-0.000224814,-0.000363002,-0.000257129,-0.000224126,-0.00036988,-0.000257817,-0.000251627,-0.00036369,-0.000227567,-0.000282566,-0.000352004,-0.000227567,-0.000309379,-0.000313504,-0.000220689,-0.000340313,-0.000265378,-0.000216564,-0.000373316,-0.000249567,-0.000241313,-0.000358189,-0.000226878,-0.000283254,-0.000346503,-0.000209003,-0.000319001,-0.000323126,-0.000218629,-0.000344438,-0.000281878,-0.000215876,-0.000367815,-0.000261253,-0.000222065,-0.00037194,-0.000246814,-0.000261253,-0.000363002,-0.000239253,-0.000305254,-0.000343754,-0.000218629]","[7.77762e-07,7.88301e-07,8.03628e-07,7.96389e-07,7.91071e-07,8.05402e-07,8.05876e-07,7.75938e-07,8.11739e-07,7.83045e-07,8.15937e-07,8.18812e-07,8.12182e-07,7.93101e-07,8.04788e-07,7.68639e-07,8.18711e-07,8.07613e-07,8.13205e-07,7.98366e-07,8.01305e-07,7.86127e-07,7.94527e-07,7.89027e-07,7.81896e-07,7.90706e-07,7.82358e-07,7.68883e-07,8.05137e-07,8.07613e-07,8.1802e-07,8.03399e-07,7.74252e-07,8.38035e-07,7.9253e-07,7.93521e-07,8.16642e-07,7.79891e-07,7.96995e-07,8.065e-07,7.93584e-07,8.15239e-07,7.88625e-07,7.92166e-07,7.78346e-07,8.03377e-07,7.91455e-07,8.07147e-07,7.9218e-07,8.03718e-07,8.07852e-07,7.99548e-07,7.97357e-07,8.04724e-07,8.01657e-07,7.95933e-07,7.74558e-07,7.79886e-07,7.93101e-07,7.90739e-07,7.93227e-07,8.16266e-07,8.44453e-07,8.05139e-07,8.20836e-07,8.0797e-07,7.7878e-07,8.09963e-07,7.94277e-07,8.01927e-07,8.04381e-07,7.99901e-07,7.90313e-07,7.94243e-07,8.05171e-07,8.05028e-07,8.05843e-07,8.16031e-07,8.10308e-07,8.11832e-07,7.86153e-07,8.10318e-07,7.61293e-07,7.72076e-07,7.8752e-07,8.01658e-07,7.81181e-07,8.25824e-07,7.77086e-07,7.83618e-07,7.83363e-07,7.89016e-07,7.8572e-07,8.12516e-07,7.78799e-07,7.95559e-07,8.23757e-07,8.08601e-07,8.02948e-07,7.68657e-07]",180,30,23,67,24,1,1.5,0.5,10,1.5,17
2026-05-12T16:02:00.041786+02:00,2026-05-12T16:02:00+02:00,1.092,My_solar_panel_1,Egis-tracker,"[-0.000223442,-0.000369191,-0.000244066,-0.000222754,-0.000380878,-0.000231691,-0.000264002,-0.000369191,-0.000231003,-0.000305254,-0.000350628,-0.000222065,-0.00033138,-0.000309379,-0.000220001,-0.000357501,-0.000279129,-0.00022619,-0.000376065,-0.000243378,-0.000238565,-0.000372628,-0.000228255,-0.000292876,-0.000352004,-0.000222754,-0.000323126,-0.000315564,-0.000208315,-0.000347879,-0.000277753,-0.000222754,-0.00037194,-0.000245442,-0.000253004,-0.000378813,-0.000235128,-0.000284626,-0.000365067,-0.000224126,-0.000305938,-0.000334128,-0.000204878,-0.000334816,-0.000288751,-0.000217941,-0.000366439,-0.000248879,-0.000228255,-0.000377441,-0.000246126,-0.000251627,-0.00036369,-0.000233064,-0.000282566,-0.000341002,-0.000220001,-0.000328627,-0.000334128,-0.000218629,-0.000367127,-0.000279129,-0.000227567,-0.000373316,-0.000260565,-0.00025644,-0.00038019,-0.000233752,-0.000279129,-0.000349939,-0.000208315,-0.00031144,-0.000328627,-0.000222754,-0.000339629,-0.000288067,-0.000230315,-0.000363002,-0.000260565,-0.000237877,-0.000372628,-0.000230315,-0.000255752,-0.00036369,-0.000224814,-0.000314876,-0.000330692,-0.000219317,-0.00033344,-0.000304566,-0.000225502,-0.000354064,-0.000261942,-0.000227567,-0.000378129,-0.000253004,-0.000235128,-0.000362314,-0.00023238,-0.000288067]","[7.88664e-07,8.06085e-07,8.01986e-07,7.66546e-07,7.96947e-07,7.99189e-07,7.77743e-07,8.06085e-07,7.98137e-07,7.94207e-07,7.68888e-07,7.70058e-07,8.05066e-07,8.37386e-07,7.95337e-07,8.07852e-07,7.84752e-07,7.80587e-07,8.07132e-07,7.83731e-07,7.87948e-07,7.86422e-07,8.22012e-07,7.9141e-07,8.13824e-07,7.91824e-07,7.86116e-07,7.97006e-07,7.77444e-07,8.05051e-07,8.01254e-07,8.05868e-07,7.95551e-07,7.91803e-07,7.92499e-07,7.89927e-07,8.14633e-07,7.78778e-07,8.07142e-07,7.94632e-07,8.05089e-07,7.87159e-07,7.80606e-07,7.91722e-07,8.02297e-07,7.89371e-07,7.87832e-07,7.74949e-07,8.0516e-07,7.82205e-07,8.01282e-07,7.72489e-07,7.70281e-07,7.72154e-07,8.01951e-07,8.01898e-07,7.7954e-07,7.88919e-07,8.04362e-07,8.14648e-07,7.85023e-07,7.79134e-07,7.93224e-07,7.98007e-07,7.92492e-07,7.94954e-07,8.12745e-07,8.01294e-07,8.01954e-07,7.93816e-07,7.88327e-07,7.86829e-07,8.29293e-07,7.89717e-07,8.26825e-07,8.07563e-07,7.77072e-07,8.10655e-07,7.86173e-07,7.72501e-07,7.91337e-07,7.98839e-07,8.23742e-07,7.63259e-07,8.04813e-07,7.98411e-07,7.85056e-07,7.78837e-07,7.86107e-07,8.0158e-07,8.02354e-07,7.78364e-07,7.87575e-07,8.14289e-07,7.77289e-07,8.0935e-07,7.97781e-07,8.06443e-07,7.82688e-07,7.91063e-07]",180,30,23,67,24,1,1.5,0.5,10,1.5,17
2026-05-12T16:02:30.043213+02:00,2026-05-12T16:02:30+02:00,1.092,My_solar_panel_1,Egis-tracker,"[-0.000292192,-0.000343066,-0.000223442,-0.000336189,-0.000310751,-0.000211751,-0.000355441,-0.000268815,-0.000223442,-0.000371252,-0.00025644,-0.000238565,-0.000370564,-0.000239253,-0.000276376,-0.000347879,-0.000215192,-0.00031144,-0.000318317,-0.000218629,-0.00032519,-0.000288751,-0.000224126,-0.000354752,-0.00025644,-0.000221377,-0.000373316,-0.00024269,-0.000250939,-0.000367127,-0.000215192,-0.000299065,-0.000346503,-0.000211067,-0.000327251,-0.000301814,-0.000211751,-0.000346503,-0.000266755,-0.000228939,-0.00036369,-0.000245442,-0.00024269,-0.000372628,-0.000226878,-0.000273628,-0.000352004,-0.000208315,-0.000318317,-0.000327939,-0.000209691,-0.000364378,-0.000281878,-0.000223442,-0.00036988,-0.000248879,-0.000222065,-0.000368503,-0.000231003,-0.00026469,-0.000356817,-0.000227567,-0.000310751,-0.000351316,-0.000213816,-0.000327939,-0.000305938,-0.000209691,-0.000356817,-0.000260565,-0.000213128,-0.000372628,-0.000251627,-0.00023238,-0.000356817,-0.000222065,-0.000287379,-0.000342378,-0.000222754,-0.000313504,-0.000306627,-0.000220689,-0.000338253,-0.000275004,-0.000221377,-0.000374688,-0.000246814,-0.000237188,-0.000372628,-0.00023444,-0.000266755,-0.000363002,-0.000224126,-0.000309379,-0.000338941,-0.000218629,-0.00033138,-0.000291504,-0.000218629,-0.000360942]","[7.97378e-07,8.03301e-07,7.9042e-07,7.87158e-07,7.89637e-07,7.88674e-07,8.11364e-07,7.86867e-07,7.7076e-07,8.06083e-07,8.05486e-07,7.73202e-07,7.87477e-07,7.77416e-07,7.96691e-07,8.16988e-07,7.92534e-07,8.05436e-07,8.15259e-07,7.84807e-07,8.04721e-07,7.92115e-07,7.92525e-07,8.07503e-07,8.17071e-07,7.94634e-07,7.74133e-07,7.90752e-07,7.83021e-07,7.99416e-07,8.02364e-07,7.91404e-07,8.00488e-07,7.98856e-07,7.82602e-07,7.94913e-07,7.98856e-07,7.93467e-07,8.03019e-07,7.84797e-07,8.0925e-07,8.03741e-07,7.80572e-07,8.0222e-07,7.86204e-07,7.88618e-07,7.98377e-07,8.0904e-07,7.91035e-07,8.08229e-07,7.78846e-07,8.14516e-07,8.06867e-07,7.75323e-07,7.74488e-07,8.15323e-07,7.7392e-07,7.90638e-07,7.79178e-07,8.09339e-07,7.72393e-07,7.91118e-07,7.77701e-07,7.82228e-07,7.77439e-07,8.10335e-07,7.88589e-07,7.94996e-07,7.90298e-07,7.74236e-07,7.63045e-07,8.01518e-07,7.90744e-07,8.15338e-07,8.07501e-07,7.94282e-07,8.02298e-07,7.88907e-07,7.94633e-07,7.86827e-07,8.1843e-07,7.99549e-07,8.019e-07,8.09682e-07,8.03763e-07,7.7659e-07,8.00229e-07,7.90407e-07,7.97656e-07,7.94974e-07,7.85816e-07,7.94857e-07,7.80589e-07,8.03331e-07,7.90315e-07,7.95339e-07,7.94886e-07,7.88251e-07,7.80242e-07,8.09252e-07]",180,30,23,67,24,1,1.5,0.5,10,1.5,17
2026-05-12T16:03:00.057651+02:00,2026-05-12T16:03:00+02:00,1.092,My_solar_panel_1,Egis-tracker,"[-0.000362314,-0.000239253,-0.000249567,-0.000351316,-0.000226878,-0.000299753,-0.000352692,-0.000208315,-0.000327939,-0.000312128,-0.00022619,-0.000358189,-0.000272252,-0.000224126,-0.000360254,-0.000259877,-0.00023444,-0.00036988,-0.00023238,-0.000285314,-0.000349251,-0.000221377,-0.000312128,-0.000320377,-0.000211067,-0.000338941,-0.000275688,-0.000204878,-0.000363002,-0.000253004,-0.000225502,-0.000365067,-0.000236504,-0.000253692,-0.000363002,-0.000224126,-0.00031144,-0.000343066,-0.000219317,-0.000338253,-0.000316941,-0.000208315,-0.000357501,-0.000263314,-0.00022619,-0.000371252,-0.000244754,-0.000233064,-0.000363002,-0.000228255,-0.000279817,-0.000349939,-0.000220001,-0.000327251,-0.000310751,-0.000209691,-0.000352004,-0.000270879,-0.000220001,-0.000367127,-0.000259877,-0.000239253,-0.000372628,-0.000246126,-0.000266755,-0.000358877,-0.000224126,-0.00031144,-0.000349251,-0.000233064,-0.000326567,-0.000302502,-0.000233064,-0.000365067,-0.000260565,-0.000222754,-0.00037194,-0.000248191,-0.000246126,-0.000369191,-0.000228939,-0.000283942,-0.000356129,-0.000209691,-0.000323126,-0.000301814,-0.000215192,-0.000342378,-0.000271563,-0.000229627,-0.000368503,-0.000247503,-0.000244754,-0.000376753,-0.000235128,-0.000273628,-0.000356817,-0.000213128,-0.00031144,-0.000336189]","[7.73793e-07,7.90405e-07,8.20588e-07,8.06804e-07,7.80586e-07,7.86488e-07,7.88196e-07,7.88677e-07,8.05772e-07,7.98063e-07,7.85853e-07,7.90648e-07,7.90375e-07,7.95334e-07,8.07849e-07,7.84066e-07,7.64429e-07,7.9134e-07,7.8339e-07,7.91065e-07,8.04699e-07,7.86209e-07,8.08243e-07,7.94544e-07,7.72877e-07,8.07166e-07,8.07926e-07,7.6902e-07,8.07144e-07,7.767e-07,8.13939e-07,8.01525e-07,7.98482e-07,7.88636e-07,7.83271e-07,8.07621e-07,7.88935e-07,7.80481e-07,7.992e-07,8.14188e-07,8.04377e-07,8.02018e-07,7.98372e-07,8.01968e-07,8.09726e-07,7.99413e-07,7.92507e-07,7.71453e-07,8.26454e-07,7.79181e-07,8.01602e-07,8.04699e-07,7.85507e-07,7.95591e-07,8.02628e-07,8.09389e-07,8.21548e-07,7.82653e-07,8.09732e-07,8.02577e-07,7.99514e-07,7.91809e-07,7.94497e-07,8.09356e-07,7.94242e-07,7.93808e-07,7.8761e-07,7.88233e-07,8.19093e-07,7.90411e-07,8.25082e-07,7.86485e-07,7.80581e-07,7.92046e-07,7.78449e-07,7.89367e-07,7.74486e-07,7.96365e-07,7.8759e-07,7.98011e-07,7.95681e-07,7.84396e-07,7.88193e-07,7.85517e-07,7.94893e-07,8.08253e-07,7.87969e-07,7.98035e-07,7.9529e-07,7.91116e-07,7.88181e-07,7.91451e-07,7.78814e-07,7.95546e-07,7.9427e-07,7.84405e-07,7.95916e-07,8.0377e-07,7.81913e-07,8.26126e-07]",180,30,23,67,24,1,1.5,0.5,10,1.5,17
